43,26,40.000000,
-830.000000,-480.000000,0,0,0,1,1,1,1,1,
-790.000000,-480.000000,0,0,0,1,1,1,0,0,
-750.000000,-480.000000,0,1,1,1,1,1,0,0,
-710.000000,-480.000000,1,1,1,1,1,1,1,1,
-670.000000,-480.000000,0,1,1,1,1,1,1,0,
-630.000000,-480.000000,1,1,1,1,1,1,1,1,
-590.000000,-480.000000,1,1,0,1,1,1,1,1,
-550.000000,-480.000000,0,1,1,1,1,1,0,1,
-510.000000,-480.000000,1,1,1,1,1,1,1,1,
-470.000000,-480.000000,1,1,1,1,1,1,1,1,
-430.000000,-480.000000,1,1,1,1,1,1,1,1,
-390.000000,-480.000000,1,0,0,1,1,1,1,1,
-350.000000,-480.000000,0,1,1,1,1,1,0,1,
-310.000000,-480.000000,1,1,1,1,1,1,1,1,
-270.000000,-480.000000,0,0,1,1,1,1,1,0,
-230.000000,-480.000000,1,1,1,1,1,1,1,1,
-190.000000,-480.000000,0,0,0,1,1,1,1,1,
-150.000000,-480.000000,0,1,1,1,1,1,0,0,
-110.000000,-480.000000,1,1,1,1,1,1,1,1,
-70.000000,-480.000000,0,0,1,1,1,1,1,0,
-30.000000,-480.000000,1,1,1,1,1,1,1,1,
10.000000,-480.000000,0,0,0,1,1,1,1,1,
50.000000,-480.000000,0,1,1,1,1,1,0,0,
90.000000,-480.000000,1,1,1,1,1,1,1,1,
130.000000,-480.000000,0,0,1,1,1,1,1,0,
170.000000,-480.000000,1,1,1,1,1,1,1,1,
210.000000,-480.000000,0,0,0,1,1,1,1,1,
250.000000,-480.000000,0,0,0,1,1,1,0,0,
290.000000,-480.000000,0,0,0,1,1,1,0,0,
330.000000,-480.000000,0,0,0,1,1,1,0,0,
370.000000,-480.000000,0,0,1,1,1,1,0,0,
410.000000,-480.000000,1,1,1,1,1,1,1,1,
450.000000,-480.000000,1,1,1,1,1,1,1,1,
490.000000,-480.000000,0,1,1,1,1,1,1,0,
530.000000,-480.000000,1,1,1,1,1,1,1,1,
570.000000,-480.000000,0,0,1,1,1,1,1,0,
610.000000,-480.000000,1,1,1,1,1,1,1,1,
650.000000,-480.000000,0,0,0,1,1,1,1,1,
690.000000,-480.000000,0,1,1,1,1,1,0,0,
730.000000,-480.000000,1,1,1,1,1,1,1,1,
770.000000,-480.000000,0,0,1,1,1,1,1,0,
810.000000,-480.000000,1,1,1,1,1,1,1,1,
850.000000,-480.000000,1,1,1,1,1,1,1,1,
-830.000000,-440.000000,0,0,0,0,0,1,1,1,
-790.000000,-440.000000,0,0,0,0,0,0,0,0,
-750.000000,-440.000000,0,1,0,1,0,0,0,0,
-710.000000,-440.000000,1,1,0,0,1,1,0,1,
-670.000000,-440.000000,1,1,1,1,0,1,0,1,
-630.000000,-440.000000,1,1,1,1,1,1,1,1,
-590.000000,-440.000000,1,1,1,1,1,1,1,1,
-550.000000,-440.000000,0,1,1,1,0,1,1,0,
-510.000000,-440.000000,1,1,1,1,1,1,1,1,
-470.000000,-440.000000,1,1,1,1,1,1,1,1,
-430.000000,-440.000000,1,1,1,1,1,1,1,1,
-390.000000,-440.000000,1,1,1,1,1,1,1,1,
-350.000000,-440.000000,0,0,0,1,0,0,1,1,
-310.000000,-440.000000,0,0,0,0,1,1,0,0,
-270.000000,-440.000000,0,0,0,1,0,1,0,0,
-230.000000,-440.000000,0,0,0,1,1,0,0,0,
-190.000000,-440.000000,0,0,0,0,0,1,0,0,
-150.000000,-440.000000,0,0,0,1,0,0,0,0,
-110.000000,-440.000000,0,0,0,0,1,1,0,0,
-70.000000,-440.000000,0,0,0,1,0,1,0,0,
-30.000000,-440.000000,0,0,0,1,1,0,0,0,
10.000000,-440.000000,0,0,0,0,0,1,0,0,
50.000000,-440.000000,0,0,0,1,0,0,0,0,
90.000000,-440.000000,0,0,0,0,1,1,0,0,
130.000000,-440.000000,0,0,0,1,0,1,0,0,
170.000000,-440.000000,0,1,1,1,1,0,0,0,
210.000000,-440.000000,1,1,0,0,0,1,1,1,
250.000000,-440.000000,1,1,0,0,0,0,0,1,
290.000000,-440.000000,1,1,0,0,0,0,0,1,
330.000000,-440.000000,1,1,0,0,0,0,0,1,
370.000000,-440.000000,1,1,0,1,0,0,0,1,
410.000000,-440.000000,1,1,1,1,1,0,0,1,
450.000000,-440.000000,0,0,0,0,1,1,1,1,
490.000000,-440.000000,0,0,0,1,0,1,0,0,
530.000000,-440.000000,0,0,0,0,1,1,0,0,
570.000000,-440.000000,0,0,0,1,0,1,0,0,
610.000000,-440.000000,0,0,0,1,1,0,0,0,
650.000000,-440.000000,0,0,0,0,0,1,0,0,
690.000000,-440.000000,0,0,0,1,0,0,0,0,
730.000000,-440.000000,0,0,0,0,1,1,0,0,
770.000000,-440.000000,0,1,0,1,0,1,0,0,
810.000000,-440.000000,1,1,1,1,1,0,0,0,
850.000000,-440.000000,1,1,1,1,1,1,1,1,
-830.000000,-400.000000,0,0,0,0,0,1,1,1,
-790.000000,-400.000000,0,0,0,0,0,0,0,0,
-750.000000,-400.000000,0,1,1,1,0,0,0,0,
-710.000000,-400.000000,1,1,1,1,1,1,1,1,
-670.000000,-400.000000,1,1,1,1,1,1,1,1,
-630.000000,-400.000000,1,1,1,1,1,1,1,1,
-590.000000,-400.000000,0,0,0,0,1,1,1,1,
-550.000000,-400.000000,0,1,1,1,0,1,0,0,
-510.000000,-400.000000,1,1,1,1,1,1,1,1,
-470.000000,-400.000000,1,1,1,1,1,1,1,1,
-430.000000,-400.000000,1,1,1,1,1,1,1,1,
-390.000000,-400.000000,1,1,1,1,1,1,1,1,
-350.000000,-400.000000,0,0,0,0,0,1,1,1,
-310.000000,-400.000000,0,0,0,0,0,0,0,0,
-270.000000,-400.000000,0,0,0,0,0,0,0,0,
-230.000000,-400.000000,0,0,0,0,0,0,0,0,
-190.000000,-400.000000,0,0,0,0,0,0,0,0,
-150.000000,-400.000000,0,0,0,0,0,0,0,0,
-110.000000,-400.000000,0,0,0,0,0,0,0,0,
-70.000000,-400.000000,0,0,0,0,0,0,0,0,
-30.000000,-400.000000,0,0,0,0,0,0,0,0,
10.000000,-400.000000,0,0,0,0,0,0,0,0,
50.000000,-400.000000,0,0,0,0,0,0,0,0,
90.000000,-400.000000,0,0,0,0,0,0,0,0,
130.000000,-400.000000,0,0,0,0,0,0,0,0,
170.000000,-400.000000,0,1,1,1,0,0,0,0,
210.000000,-400.000000,1,1,1,1,1,1,1,1,
250.000000,-400.000000,1,1,1,1,1,1,1,1,
290.000000,-400.000000,1,1,1,1,1,1,1,1,
330.000000,-400.000000,1,1,1,1,1,1,1,1,
370.000000,-400.000000,1,1,1,1,1,1,1,1,
410.000000,-400.000000,1,1,1,1,1,1,1,1,
450.000000,-400.000000,0,0,0,0,0,1,1,1,
490.000000,-400.000000,0,0,0,0,0,0,0,0,
530.000000,-400.000000,0,0,0,0,0,0,0,0,
570.000000,-400.000000,0,0,0,0,0,0,0,0,
610.000000,-400.000000,0,1,0,0,0,0,0,0,
650.000000,-400.000000,1,1,0,0,0,0,0,0,
690.000000,-400.000000,1,0,0,0,0,0,0,1,
730.000000,-400.000000,0,0,0,0,0,0,0,1,
770.000000,-400.000000,0,1,1,0,0,0,0,0,
810.000000,-400.000000,1,1,1,1,1,1,1,1,
850.000000,-400.000000,1,1,1,1,1,1,1,1,
-830.000000,-360.000000,0,0,0,0,0,1,1,1,
-790.000000,-360.000000,0,0,0,0,0,0,0,0,
-750.000000,-360.000000,0,1,0,1,0,0,0,0,
-710.000000,-360.000000,1,1,0,1,1,1,0,1,
-670.000000,-360.000000,0,0,0,1,1,1,0,1,
-630.000000,-360.000000,0,0,0,1,1,1,0,0,
-590.000000,-360.000000,0,0,0,0,0,1,0,0,
-550.000000,-360.000000,0,1,1,1,0,0,0,0,
-510.000000,-360.000000,1,1,1,1,1,1,1,1,
-470.000000,-360.000000,1,1,1,1,1,1,1,1,
-430.000000,-360.000000,1,1,1,1,1,1,1,1,
-390.000000,-360.000000,1,1,1,1,1,1,1,1,
-350.000000,-360.000000,0,0,0,0,0,1,1,1,
-310.000000,-360.000000,0,0,0,0,0,0,0,0,
-270.000000,-360.000000,0,0,0,0,0,0,0,0,
-230.000000,-360.000000,0,0,0,0,0,0,0,0,
-190.000000,-360.000000,0,1,0,0,0,0,0,0,
-150.000000,-360.000000,1,0,0,0,0,0,0,1,
-110.000000,-360.000000,0,0,0,0,0,0,0,1,
-70.000000,-360.000000,0,0,0,0,0,0,0,0,
-30.000000,-360.000000,0,1,0,0,0,0,0,0,
10.000000,-360.000000,1,1,0,0,0,0,0,0,
50.000000,-360.000000,1,1,0,0,0,0,0,1,
90.000000,-360.000000,0,0,0,0,0,0,0,1,
130.000000,-360.000000,0,1,0,0,0,0,0,0,
170.000000,-360.000000,1,1,1,1,0,0,0,1,
210.000000,-360.000000,1,1,1,1,1,1,1,1,
250.000000,-360.000000,1,1,1,1,1,1,1,1,
290.000000,-360.000000,1,1,1,1,1,1,1,1,
330.000000,-360.000000,1,1,1,1,1,1,1,1,
370.000000,-360.000000,1,1,1,1,1,1,1,1,
410.000000,-360.000000,1,1,1,1,1,1,1,1,
450.000000,-360.000000,0,0,0,0,0,1,1,1,
490.000000,-360.000000,0,0,0,0,0,0,0,0,
530.000000,-360.000000,0,1,0,0,0,0,0,0,
570.000000,-360.000000,0,0,0,0,0,0,0,1,
610.000000,-360.000000,0,1,1,0,0,0,0,0,
650.000000,-360.000000,1,1,1,1,1,1,1,1,
690.000000,-360.000000,1,1,1,1,1,1,1,1,
730.000000,-360.000000,0,0,0,0,0,0,1,0,
770.000000,-360.000000,0,0,0,1,0,0,0,0,
810.000000,-360.000000,0,1,1,1,1,1,0,0,
850.000000,-360.000000,1,1,1,1,1,1,1,1,
-830.000000,-320.000000,0,0,0,0,0,1,1,1,
-790.000000,-320.000000,0,0,0,0,0,0,0,0,
-750.000000,-320.000000,0,1,1,1,0,0,0,0,
-710.000000,-320.000000,1,1,1,1,1,1,1,1,
-670.000000,-320.000000,0,0,0,0,0,1,1,1,
-630.000000,-320.000000,0,0,0,0,0,0,0,0,
-590.000000,-320.000000,0,0,0,0,0,0,0,0,
-550.000000,-320.000000,0,1,1,1,0,0,0,0,
-510.000000,-320.000000,1,1,1,1,1,1,1,1,
-470.000000,-320.000000,1,1,1,1,1,1,1,1,
-430.000000,-320.000000,1,1,1,1,1,1,1,1,
-390.000000,-320.000000,1,1,1,1,1,1,1,1,
-350.000000,-320.000000,0,0,0,0,0,1,1,1,
-310.000000,-320.000000,0,1,0,0,0,0,0,0,
-270.000000,-320.000000,1,1,0,0,0,0,0,0,
-230.000000,-320.000000,1,1,0,0,0,0,0,1,
-190.000000,-320.000000,1,1,1,1,0,0,0,1,
-150.000000,-320.000000,1,1,1,1,1,1,1,1,
-110.000000,-320.000000,0,0,0,0,0,0,1,1,
-70.000000,-320.000000,0,0,0,0,0,0,0,0,
-30.000000,-320.000000,0,1,1,0,0,0,0,0,
10.000000,-320.000000,1,1,1,1,1,1,1,1,
50.000000,-320.000000,1,1,1,1,1,1,1,1,
90.000000,-320.000000,0,0,0,0,0,1,1,1,
130.000000,-320.000000,0,1,1,1,0,0,0,0,
170.000000,-320.000000,1,1,1,1,1,1,1,1,
210.000000,-320.000000,1,1,1,1,1,1,1,1,
250.000000,-320.000000,1,1,1,1,1,1,1,1,
290.000000,-320.000000,1,1,1,1,1,1,1,1,
330.000000,-320.000000,1,1,1,1,1,1,1,1,
370.000000,-320.000000,1,1,1,1,1,1,1,1,
410.000000,-320.000000,1,1,1,1,1,1,1,1,
450.000000,-320.000000,0,0,0,0,0,1,1,1,
490.000000,-320.000000,0,0,0,0,0,0,0,0,
530.000000,-320.000000,0,1,1,1,0,0,0,0,
570.000000,-320.000000,0,0,0,0,0,1,1,1,
610.000000,-320.000000,0,0,0,1,0,0,0,0,
650.000000,-320.000000,0,0,0,1,1,1,0,0,
690.000000,-320.000000,0,1,0,0,1,1,0,0,
730.000000,-320.000000,0,0,0,0,0,1,0,1,
770.000000,-320.000000,0,0,0,0,0,0,0,0,
810.000000,-320.000000,0,0,1,1,0,0,0,0,
850.000000,-320.000000,1,1,1,1,1,1,1,1,
-830.000000,-280.000000,0,0,0,0,0,1,1,1,
-790.000000,-280.000000,0,0,0,0,0,0,0,0,
-750.000000,-280.000000,0,1,0,1,0,0,0,0,
-710.000000,-280.000000,1,1,0,1,1,1,0,1,
-670.000000,-280.000000,1,1,0,0,0,1,0,1,
-630.000000,-280.000000,1,1,0,0,0,0,0,1,
-590.000000,-280.000000,1,0,0,0,0,0,0,1,
-550.000000,-280.000000,0,1,1,1,0,0,0,1,
-510.000000,-280.000000,1,1,1,1,1,1,1,1,
-470.000000,-280.000000,1,1,1,1,1,1,1,1,
-430.000000,-280.000000,1,1,1,1,1,1,1,1,
-390.000000,-280.000000,1,1,1,1,1,1,1,1,
-350.000000,-280.000000,0,0,0,0,0,1,1,1,
-310.000000,-280.000000,0,1,1,0,0,0,0,0,
-270.000000,-280.000000,1,1,1,1,1,1,1,1,
-230.000000,-280.000000,1,1,1,1,1,1,1,1,
-190.000000,-280.000000,1,1,1,1,1,1,1,1,
-150.000000,-280.000000,0,0,0,1,1,1,1,1,
-110.000000,-280.000000,0,0,0,0,0,1,0,0,
-70.000000,-280.000000,0,0,0,0,0,0,0,0,
-30.000000,-280.000000,0,1,1,1,0,0,0,0,
10.000000,-280.000000,1,1,1,1,1,1,1,1,
50.000000,-280.000000,0,0,0,1,1,1,1,1,
90.000000,-280.000000,0,0,0,0,0,1,0,0,
130.000000,-280.000000,0,0,0,1,0,0,0,0,
170.000000,-280.000000,0,1,1,1,1,1,0,0,
210.000000,-280.000000,0,0,0,1,1,1,1,1,
250.000000,-280.000000,0,0,0,1,1,1,0,0,
290.000000,-280.000000,0,0,0,1,1,1,0,0,
330.000000,-280.000000,0,0,0,1,1,1,0,0,
370.000000,-280.000000,0,0,0,1,1,1,0,0,
410.000000,-280.000000,0,1,1,1,1,1,0,0,
450.000000,-280.000000,0,1,0,0,0,1,1,1,
490.000000,-280.000000,1,1,0,0,0,0,0,0,
530.000000,-280.000000,1,1,1,1,0,0,0,1,
570.000000,-280.000000,0,0,0,0,0,1,1,1,
610.000000,-280.000000,0,0,0,0,0,0,0,0,
650.000000,-280.000000,0,0,0,0,0,0,0,0,
690.000000,-280.000000,0,1,1,1,0,0,0,0,
730.000000,-280.000000,0,0,0,0,0,1,1,1,
770.000000,-280.000000,0,0,0,0,0,0,0,0,
810.000000,-280.000000,0,0,0,1,0,0,0,0,
850.000000,-280.000000,0,0,0,1,1,0,0,0,
-830.000000,-240.000000,0,0,0,0,0,1,1,1,
-790.000000,-240.000000,0,0,0,0,0,0,0,0,
-750.000000,-240.000000,0,1,1,1,0,0,0,0,
-710.000000,-240.000000,1,1,1,1,1,1,1,1,
-670.000000,-240.000000,1,1,1,1,1,1,1,1,
-630.000000,-240.000000,1,1,1,1,1,1,1,1,
-590.000000,-240.000000,1,1,1,1,1,1,1,1,
-550.000000,-240.000000,0,0,1,1,0,0,1,1,
-510.000000,-240.000000,1,1,1,1,1,1,1,1,
-470.000000,-240.000000,1,1,1,1,1,1,1,1,
-430.000000,-240.000000,1,1,1,1,1,1,1,1,
-390.000000,-240.000000,1,1,1,1,1,1,1,1,
-350.000000,-240.000000,0,0,0,0,0,1,1,0,
-310.000000,-240.000000,0,0,1,1,0,0,0,0,
-270.000000,-240.000000,1,1,1,1,1,1,1,1,
-230.000000,-240.000000,1,1,1,1,1,1,1,1,
-190.000000,-240.000000,1,1,1,1,1,1,1,1,
-150.000000,-240.000000,0,0,0,0,0,1,1,0,
-110.000000,-240.000000,0,1,0,0,0,0,0,0,
-70.000000,-240.000000,1,1,0,0,0,0,0,1,
-30.000000,-240.000000,1,1,1,1,0,0,0,1,
10.000000,-240.000000,1,1,1,1,1,1,1,1,
50.000000,-240.000000,0,0,0,0,0,1,1,1,
90.000000,-240.000000,0,0,0,0,0,0,0,0,
130.000000,-240.000000,0,0,0,0,0,0,0,0,
170.000000,-240.000000,0,0,1,1,0,0,0,0,
210.000000,-240.000000,0,0,0,0,0,1,1,1,
250.000000,-240.000000,0,0,0,0,0,0,0,0,
290.000000,-240.000000,0,0,0,0,0,0,0,0,
330.000000,-240.000000,0,0,0,0,0,0,0,0,
370.000000,-240.000000,0,0,0,0,0,0,0,0,
410.000000,-240.000000,0,0,0,1,0,0,0,0,
450.000000,-240.000000,0,0,1,0,0,1,0,0,
490.000000,-240.000000,1,1,1,1,1,1,1,1,
530.000000,-240.000000,1,1,1,1,1,1,1,1,
570.000000,-240.000000,0,0,0,0,0,1,1,1,
610.000000,-240.000000,0,0,0,0,0,0,0,0,
650.000000,-240.000000,0,0,0,0,0,0,0,0,
690.000000,-240.000000,0,1,1,1,0,0,0,0,
730.000000,-240.000000,1,0,0,0,0,1,1,1,
770.000000,-240.000000,0,0,0,0,0,0,0,1,
810.000000,-240.000000,0,0,0,0,0,0,0,0,
850.000000,-240.000000,0,0,0,0,0,0,0,0,
-830.000000,-200.000000,0,0,0,0,0,1,1,1,
-790.000000,-200.000000,0,0,0,0,0,0,0,0,
-750.000000,-200.000000,0,0,0,1,0,0,0,0,
-710.000000,-200.000000,0,0,0,1,1,1,0,0,
-670.000000,-200.000000,0,0,0,1,1,1,0,0,
-630.000000,-200.000000,0,0,0,1,1,1,0,0,
-590.000000,-200.000000,0,0,0,1,1,1,0,0,
-550.000000,-200.000000,0,0,0,1,0,1,0,0,
-510.000000,-200.000000,0,0,0,1,1,0,0,0,
-470.000000,-200.000000,0,0,0,1,1,1,0,0,
-430.000000,-200.000000,0,0,0,1,1,1,0,0,
-390.000000,-200.000000,0,0,0,0,1,1,0,0,
-350.000000,-200.000000,0,0,0,0,0,1,0,0,
-310.000000,-200.000000,0,0,0,1,0,0,0,0,
-270.000000,-200.000000,0,0,0,1,1,0,0,0,
-230.000000,-200.000000,0,1,0,1,1,1,0,0,
-190.000000,-200.000000,1,1,0,0,1,1,0,0,
-150.000000,-200.000000,1,1,0,0,0,1,0,1,
-110.000000,-200.000000,1,1,1,1,0,0,0,1,
-70.000000,-200.000000,1,1,1,1,1,1,1,1,
-30.000000,-200.000000,1,1,1,1,1,1,1,1,
10.000000,-200.000000,1,1,1,1,1,1,1,1,
50.000000,-200.000000,0,0,0,0,0,1,1,1,
90.000000,-200.000000,0,0,0,0,0,0,0,0,
130.000000,-200.000000,0,0,0,0,0,0,0,0,
170.000000,-200.000000,0,0,0,1,0,0,0,0,
210.000000,-200.000000,0,0,0,0,0,0,0,0,
250.000000,-200.000000,0,0,0,0,0,0,0,0,
290.000000,-200.000000,0,0,0,0,0,0,0,0,
330.000000,-200.000000,0,0,0,0,0,0,0,0,
370.000000,-200.000000,0,0,0,0,0,0,0,0,
410.000000,-200.000000,0,0,0,0,0,0,0,0,
450.000000,-200.000000,0,0,0,1,0,0,0,0,
490.000000,-200.000000,0,0,0,1,1,0,0,0,
530.000000,-200.000000,0,0,0,1,1,1,0,0,
570.000000,-200.000000,0,0,0,0,0,1,0,0,
610.000000,-200.000000,0,0,0,0,0,0,0,0,
650.000000,-200.000000,0,0,0,0,0,0,0,0,
690.000000,-200.000000,0,0,1,1,0,0,0,0,
730.000000,-200.000000,1,1,1,1,1,1,1,1,
770.000000,-200.000000,0,1,0,0,0,0,1,1,
810.000000,-200.000000,1,1,0,0,0,0,0,0,
850.000000,-200.000000,1,1,0,0,0,0,0,1,
-830.000000,-160.000000,0,0,0,0,0,1,1,1,
-790.000000,-160.000000,0,0,0,0,0,0,0,0,
-750.000000,-160.000000,0,0,0,0,0,0,0,0,
-710.000000,-160.000000,0,0,0,0,0,0,0,0,
-670.000000,-160.000000,0,0,0,0,0,0,0,0,
-630.000000,-160.000000,0,0,0,0,0,0,0,0,
-590.000000,-160.000000,0,0,0,0,0,0,0,0,
-550.000000,-160.000000,0,0,0,0,0,0,0,0,
-510.000000,-160.000000,0,0,0,0,0,0,0,0,
-470.000000,-160.000000,0,0,0,0,0,0,0,0,
-430.000000,-160.000000,0,0,0,0,0,0,0,0,
-390.000000,-160.000000,0,0,0,0,0,0,0,0,
-350.000000,-160.000000,0,1,0,0,0,0,0,0,
-310.000000,-160.000000,1,0,0,0,0,0,0,0,
-270.000000,-160.000000,0,0,0,0,0,0,0,1,
-230.000000,-160.000000,0,1,1,0,0,0,0,0,
-190.000000,-160.000000,1,1,1,1,1,1,1,1,
-150.000000,-160.000000,1,1,1,1,1,1,1,1,
-110.000000,-160.000000,1,1,1,1,1,1,1,1,
-70.000000,-160.000000,1,1,1,1,1,1,1,1,
-30.000000,-160.000000,1,1,1,1,1,1,1,1,
10.000000,-160.000000,1,1,1,1,1,1,1,1,
50.000000,-160.000000,1,0,0,0,0,1,1,0,
90.000000,-160.000000,0,0,0,0,0,0,0,1,
130.000000,-160.000000,0,0,0,0,0,0,0,0,
170.000000,-160.000000,0,0,0,0,0,0,0,0,
210.000000,-160.000000,0,0,0,0,0,0,0,0,
250.000000,-160.000000,0,0,0,0,0,0,0,0,
290.000000,-160.000000,0,0,0,0,0,0,0,0,
330.000000,-160.000000,0,0,0,0,0,0,0,0,
370.000000,-160.000000,0,0,0,0,0,0,0,0,
410.000000,-160.000000,0,0,0,0,0,0,0,0,
450.000000,-160.000000,0,0,0,0,0,0,0,0,
490.000000,-160.000000,0,0,0,0,0,0,0,0,
530.000000,-160.000000,0,0,0,0,0,0,0,0,
570.000000,-160.000000,0,0,0,0,0,0,0,0,
610.000000,-160.000000,0,0,0,0,0,0,0,0,
650.000000,-160.000000,0,0,0,0,0,0,0,0,
690.000000,-160.000000,0,0,0,1,0,0,0,0,
730.000000,-160.000000,0,1,0,1,1,0,0,0,
770.000000,-160.000000,1,1,1,0,0,1,0,1,
810.000000,-160.000000,1,1,1,1,1,1,1,1,
850.000000,-160.000000,1,1,1,1,1,1,1,1,
-830.000000,-120.000000,0,0,0,0,0,1,1,1,
-790.000000,-120.000000,0,0,0,0,0,0,0,0,
-750.000000,-120.000000,0,0,0,0,0,0,0,0,
-710.000000,-120.000000,0,0,0,0,0,0,0,0,
-670.000000,-120.000000,0,0,0,0,0,0,0,0,
-630.000000,-120.000000,0,0,0,0,0,0,0,0,
-590.000000,-120.000000,0,0,0,0,0,0,0,0,
-550.000000,-120.000000,0,0,0,0,0,0,0,0,
-510.000000,-120.000000,0,0,0,0,0,0,0,0,
-470.000000,-120.000000,0,0,0,0,0,0,0,0,
-430.000000,-120.000000,0,0,0,0,0,0,0,0,
-390.000000,-120.000000,0,0,0,0,0,0,0,0,
-350.000000,-120.000000,0,1,1,0,0,0,0,0,
-310.000000,-120.000000,1,1,1,1,1,1,1,1,
-270.000000,-120.000000,0,0,0,0,0,0,1,1,
-230.000000,-120.000000,0,0,1,1,0,0,0,0,
-190.000000,-120.000000,1,1,1,1,1,1,1,1,
-150.000000,-120.000000,1,1,1,1,1,1,1,1,
-110.000000,-120.000000,1,1,1,1,1,1,1,1,
-70.000000,-120.000000,0,0,0,1,1,1,1,1,
-30.000000,-120.000000,0,0,0,1,1,1,0,0,
10.000000,-120.000000,0,0,0,0,1,1,0,0,
50.000000,-120.000000,0,0,0,1,1,1,0,0,
90.000000,-120.000000,0,0,0,0,0,0,0,1,
130.000000,-120.000000,0,0,0,0,0,0,0,0,
170.000000,-120.000000,0,0,0,0,0,0,0,0,
210.000000,-120.000000,0,0,0,0,0,0,0,0,
250.000000,-120.000000,0,0,0,0,0,0,0,0,
290.000000,-120.000000,0,0,0,0,0,0,0,0,
330.000000,-120.000000,0,0,0,0,0,0,0,0,
370.000000,-120.000000,0,0,0,0,0,0,0,0,
410.000000,-120.000000,0,0,0,0,0,0,0,0,
450.000000,-120.000000,0,0,0,0,0,0,0,0,
490.000000,-120.000000,0,0,0,0,0,0,0,0,
530.000000,-120.000000,0,0,0,0,0,0,0,0,
570.000000,-120.000000,0,0,0,0,0,0,0,0,
610.000000,-120.000000,0,0,0,0,0,0,0,0,
650.000000,-120.000000,0,0,0,0,0,0,0,0,
690.000000,-120.000000,0,0,0,0,0,0,0,0,
730.000000,-120.000000,0,0,0,1,0,0,0,0,
770.000000,-120.000000,0,1,1,1,1,1,0,0,
810.000000,-120.000000,1,1,1,1,1,1,1,1,
850.000000,-120.000000,1,1,1,1,1,1,1,1,
-830.000000,-80.000000,1,1,0,0,0,1,1,1,
-790.000000,-80.000000,0,1,0,0,0,0,0,1,
-750.000000,-80.000000,1,0,0,0,0,0,0,1,
-710.000000,-80.000000,0,0,0,0,0,0,0,0,
-670.000000,-80.000000,0,0,0,0,0,0,0,0,
-630.000000,-80.000000,0,0,0,0,0,0,0,0,
-590.000000,-80.000000,0,0,0,0,0,0,0,0,
-550.000000,-80.000000,0,0,0,0,0,0,0,0,
-510.000000,-80.000000,0,0,0,0,0,0,0,0,
-470.000000,-80.000000,0,0,0,0,0,0,0,0,
-430.000000,-80.000000,0,0,0,0,0,0,0,0,
-390.000000,-80.000000,0,0,0,0,0,0,0,0,
-350.000000,-80.000000,0,1,1,1,0,0,0,0,
-310.000000,-80.000000,1,1,1,1,1,1,1,1,
-270.000000,-80.000000,0,0,0,0,0,1,1,1,
-230.000000,-80.000000,0,0,0,1,0,0,0,0,
-190.000000,-80.000000,0,0,0,1,1,0,0,0,
-150.000000,-80.000000,0,0,0,1,1,1,0,0,
-110.000000,-80.000000,0,0,0,1,1,1,0,0,
-70.000000,-80.000000,0,0,0,0,0,1,0,0,
-30.000000,-80.000000,0,0,0,0,0,0,0,0,
10.000000,-80.000000,0,0,0,0,0,0,0,0,
50.000000,-80.000000,0,0,0,1,0,0,0,0,
90.000000,-80.000000,0,0,0,0,0,0,0,0,
130.000000,-80.000000,0,0,0,0,0,0,0,0,
170.000000,-80.000000,0,0,0,0,0,0,0,0,
210.000000,-80.000000,0,0,0,0,0,0,0,0,
250.000000,-80.000000,0,0,0,0,0,0,0,0,
290.000000,-80.000000,0,0,0,0,0,0,0,0,
330.000000,-80.000000,0,0,0,0,0,0,0,0,
370.000000,-80.000000,0,0,0,0,0,0,0,0,
410.000000,-80.000000,0,0,0,0,0,0,0,0,
450.000000,-80.000000,0,0,0,0,0,0,0,0,
490.000000,-80.000000,0,0,0,0,0,0,0,0,
530.000000,-80.000000,0,0,0,0,0,0,0,0,
570.000000,-80.000000,0,0,0,0,0,0,0,0,
610.000000,-80.000000,0,0,0,0,0,0,0,0,
650.000000,-80.000000,0,0,0,0,0,0,0,0,
690.000000,-80.000000,0,0,0,0,0,0,0,0,
730.000000,-80.000000,0,0,0,0,0,0,0,0,
770.000000,-80.000000,0,1,1,1,0,0,0,0,
810.000000,-80.000000,1,1,1,1,1,1,1,1,
850.000000,-80.000000,1,1,1,1,1,1,1,1,
-830.000000,-40.000000,0,0,0,1,1,1,1,1,
-790.000000,-40.000000,0,0,0,1,0,1,0,0,
-750.000000,-40.000000,0,0,0,0,1,1,0,0,
-710.000000,-40.000000,0,0,0,0,0,0,0,0,
-670.000000,-40.000000,0,0,0,0,0,0,0,0,
-630.000000,-40.000000,0,0,0,0,0,0,0,0,
-590.000000,-40.000000,0,0,0,0,0,0,0,0,
-550.000000,-40.000000,0,0,0,0,0,0,0,0,
-510.000000,-40.000000,0,0,0,0,0,0,0,0,
-470.000000,-40.000000,0,0,0,0,0,0,0,0,
-430.000000,-40.000000,0,0,0,0,0,0,0,0,
-390.000000,-40.000000,0,0,0,0,0,0,0,0,
-350.000000,-40.000000,0,1,1,1,0,0,0,0,
-310.000000,-40.000000,1,1,1,1,1,1,1,1,
-270.000000,-40.000000,0,0,0,0,0,1,1,1,
-230.000000,-40.000000,0,1,0,0,0,0,0,0,
-190.000000,-40.000000,1,0,0,0,0,0,0,0,
-150.000000,-40.000000,0,0,0,0,0,0,0,1,
-110.000000,-40.000000,0,1,0,0,0,0,0,0,
-70.000000,-40.000000,1,1,0,0,0,0,0,0,
-30.000000,-40.000000,1,1,0,0,0,0,0,1,
10.000000,-40.000000,1,1,0,0,0,0,0,1,
50.000000,-40.000000,0,0,0,0,0,0,0,1,
90.000000,-40.000000,0,0,0,0,0,0,0,0,
130.000000,-40.000000,0,0,0,0,0,0,0,0,
170.000000,-40.000000,0,0,0,0,0,0,0,0,
210.000000,-40.000000,0,0,0,0,0,0,0,0,
250.000000,-40.000000,0,0,0,0,0,0,0,0,
290.000000,-40.000000,0,0,0,0,0,0,0,0,
330.000000,-40.000000,0,0,0,0,0,0,0,0,
370.000000,-40.000000,0,0,0,0,0,0,0,0,
410.000000,-40.000000,0,0,0,0,0,0,0,0,
450.000000,-40.000000,0,0,0,0,0,0,0,0,
490.000000,-40.000000,0,0,0,0,0,0,0,0,
530.000000,-40.000000,0,0,0,0,0,0,0,0,
570.000000,-40.000000,0,0,0,0,0,0,0,0,
610.000000,-40.000000,0,1,0,0,0,0,0,0,
650.000000,-40.000000,1,1,0,0,0,0,0,0,
690.000000,-40.000000,1,1,0,0,0,0,0,1,
730.000000,-40.000000,1,1,0,0,0,0,0,1,
770.000000,-40.000000,1,1,1,1,0,0,0,1,
810.000000,-40.000000,1,1,1,1,1,1,1,1,
850.000000,-40.000000,1,1,1,1,1,1,1,1,
-830.000000,0.000000,0,0,0,0,0,1,1,1,
-790.000000,0.000000,0,0,0,0,0,0,0,0,
-750.000000,0.000000,0,0,0,0,0,0,0,0,
-710.000000,0.000000,0,0,0,0,0,0,0,0,
-670.000000,0.000000,0,0,0,0,0,0,0,0,
-630.000000,0.000000,0,0,0,0,0,0,0,0,
-590.000000,0.000000,0,0,0,0,0,0,0,0,
-550.000000,0.000000,0,0,0,0,0,0,0,0,
-510.000000,0.000000,0,0,0,0,0,0,0,0,
-470.000000,0.000000,0,0,0,0,0,0,0,0,
-430.000000,0.000000,0,0,0,0,0,0,0,0,
-390.000000,0.000000,0,0,0,0,0,0,0,0,
-350.000000,0.000000,0,1,1,1,0,0,0,0,
-310.000000,0.000000,1,1,1,1,1,1,1,1,
-270.000000,0.000000,0,0,0,0,0,1,1,1,
-230.000000,0.000000,0,0,1,0,0,0,0,0,
-190.000000,0.000000,1,1,1,1,1,1,1,1,
-150.000000,0.000000,0,0,0,0,0,0,1,1,
-110.000000,0.000000,0,1,1,0,0,0,0,0,
-70.000000,0.000000,1,1,1,1,1,1,1,1,
-30.000000,0.000000,1,1,1,1,1,1,1,1,
10.000000,0.000000,1,1,1,1,1,1,1,1,
50.000000,0.000000,0,0,0,0,0,1,1,1,
90.000000,0.000000,0,0,0,0,0,0,0,0,
130.000000,0.000000,0,0,0,0,0,0,0,0,
170.000000,0.000000,0,1,0,0,0,0,0,0,
210.000000,0.000000,1,0,0,0,0,0,0,0,
250.000000,0.000000,0,0,0,0,0,0,0,1,
290.000000,0.000000,0,0,0,0,0,0,0,0,
330.000000,0.000000,0,0,0,0,0,0,0,0,
370.000000,0.000000,0,0,0,0,0,0,0,0,
410.000000,0.000000,0,0,0,0,0,0,0,0,
450.000000,0.000000,0,0,0,0,0,0,0,0,
490.000000,0.000000,0,0,0,0,0,0,0,0,
530.000000,0.000000,0,0,0,0,0,0,0,0,
570.000000,0.000000,0,0,0,0,0,0,0,0,
610.000000,0.000000,0,1,1,0,0,0,0,0,
650.000000,0.000000,1,1,1,1,1,1,1,1,
690.000000,0.000000,1,1,1,1,1,1,1,1,
730.000000,0.000000,1,1,1,1,1,1,1,1,
770.000000,0.000000,1,1,1,1,1,1,1,1,
810.000000,0.000000,1,1,1,1,1,1,1,1,
850.000000,0.000000,1,1,1,1,1,1,1,1,
-830.000000,40.000000,1,1,0,0,0,1,1,1,
-790.000000,40.000000,0,1,0,0,0,0,0,1,
-750.000000,40.000000,1,0,0,0,0,0,0,1,
-710.000000,40.000000,0,0,0,0,0,0,0,0,
-670.000000,40.000000,0,0,0,0,0,0,0,0,
-630.000000,40.000000,0,0,0,0,0,0,0,0,
-590.000000,40.000000,0,0,0,0,0,0,0,0,
-550.000000,40.000000,0,0,0,0,0,0,0,0,
-510.000000,40.000000,0,0,0,0,0,0,0,0,
-470.000000,40.000000,0,0,0,0,0,0,0,0,
-430.000000,40.000000,0,0,0,0,0,0,0,0,
-390.000000,40.000000,0,0,0,0,0,0,0,0,
-350.000000,40.000000,0,1,1,1,0,0,0,0,
-310.000000,40.000000,1,1,1,1,1,1,1,1,
-270.000000,40.000000,0,0,0,0,0,1,1,1,
-230.000000,40.000000,0,1,0,1,0,0,0,0,
-190.000000,40.000000,1,0,0,1,1,0,0,0,
-150.000000,40.000000,0,0,0,0,0,1,0,1,
-110.000000,40.000000,0,1,1,1,0,0,0,0,
-70.000000,40.000000,1,1,1,1,1,1,1,1,
-30.000000,40.000000,1,1,1,1,1,1,1,1,
10.000000,40.000000,1,1,1,1,1,1,1,1,
50.000000,40.000000,0,0,0,0,0,1,1,1,
90.000000,40.000000,0,0,0,0,0,0,0,0,
130.000000,40.000000,0,0,0,0,0,0,0,0,
170.000000,40.000000,0,1,1,0,0,0,0,0,
210.000000,40.000000,1,1,1,1,1,1,1,1,
250.000000,40.000000,0,0,0,0,0,0,1,1,
290.000000,40.000000,0,0,0,0,0,0,0,0,
330.000000,40.000000,0,0,0,0,0,0,0,0,
370.000000,40.000000,0,0,0,0,0,0,0,0,
410.000000,40.000000,0,0,0,0,0,0,0,0,
450.000000,40.000000,0,0,0,0,0,0,0,0,
490.000000,40.000000,0,0,0,0,0,0,0,0,
530.000000,40.000000,0,0,0,0,0,0,0,0,
570.000000,40.000000,0,0,0,0,0,0,0,0,
610.000000,40.000000,0,1,1,1,0,0,0,0,
650.000000,40.000000,1,1,1,1,1,1,1,1,
690.000000,40.000000,1,1,1,1,1,1,1,1,
730.000000,40.000000,1,1,1,1,1,1,1,1,
770.000000,40.000000,1,1,1,1,1,1,1,1,
810.000000,40.000000,1,1,1,1,1,1,1,1,
850.000000,40.000000,1,1,1,1,1,1,1,1,
-830.000000,80.000000,0,0,0,1,1,1,1,1,
-790.000000,80.000000,0,0,0,1,0,1,0,0,
-750.000000,80.000000,0,0,0,0,1,1,0,0,
-710.000000,80.000000,0,0,0,0,0,0,0,0,
-670.000000,80.000000,0,0,0,0,0,0,0,0,
-630.000000,80.000000,0,0,0,0,0,0,0,0,
-590.000000,80.000000,0,0,0,0,0,0,0,0,
-550.000000,80.000000,0,0,0,0,0,0,0,0,
-510.000000,80.000000,0,0,0,0,0,0,0,0,
-470.000000,80.000000,0,0,0,0,0,0,0,0,
-430.000000,80.000000,0,0,0,0,0,0,0,0,
-390.000000,80.000000,0,0,0,0,0,0,0,0,
-350.000000,80.000000,0,1,1,1,0,0,0,0,
-310.000000,80.000000,1,1,1,1,1,1,1,1,
-270.000000,80.000000,0,0,0,0,0,1,1,1,
-230.000000,80.000000,0,0,1,0,0,0,0,0,
-190.000000,80.000000,1,1,1,1,1,1,1,1,
-150.000000,80.000000,0,0,0,0,0,0,1,1,
-110.000000,80.000000,0,1,1,1,0,0,0,0,
-70.000000,80.000000,1,1,1,1,1,1,1,1,
-30.000000,80.000000,1,1,1,1,1,1,1,1,
10.000000,80.000000,1,1,1,1,1,1,1,1,
50.000000,80.000000,0,0,0,0,0,1,1,1,
90.000000,80.000000,0,0,0,0,0,0,0,0,
130.000000,80.000000,0,0,0,0,0,0,0,0,
170.000000,80.000000,0,1,1,1,0,0,0,0,
210.000000,80.000000,1,1,1,1,1,1,1,1,
250.000000,80.000000,0,0,0,0,0,1,1,1,
290.000000,80.000000,0,0,0,0,0,0,0,0,
330.000000,80.000000,0,0,0,0,0,0,0,0,
370.000000,80.000000,0,0,0,0,0,0,0,0,
410.000000,80.000000,0,0,0,0,0,0,0,0,
450.000000,80.000000,0,0,0,0,0,0,0,0,
490.000000,80.000000,0,0,0,0,0,0,0,0,
530.000000,80.000000,0,0,0,0,0,0,0,0,
570.000000,80.000000,0,0,0,0,0,0,0,0,
610.000000,80.000000,0,1,1,1,0,0,0,0,
650.000000,80.000000,1,1,1,1,1,1,1,1,
690.000000,80.000000,1,1,1,1,1,1,1,1,
730.000000,80.000000,1,1,1,1,1,1,1,1,
770.000000,80.000000,1,1,1,1,1,1,1,1,
810.000000,80.000000,1,1,1,1,1,1,1,1,
850.000000,80.000000,1,1,1,1,1,1,1,1,
-830.000000,120.000000,0,0,0,0,0,1,1,1,
-790.000000,120.000000,0,0,0,0,0,0,0,0,
-750.000000,120.000000,0,0,0,0,0,0,0,0,
-710.000000,120.000000,0,0,0,0,0,0,0,0,
-670.000000,120.000000,0,0,0,0,0,0,0,0,
-630.000000,120.000000,0,0,0,0,0,0,0,0,
-590.000000,120.000000,0,0,0,0,0,0,0,0,
-550.000000,120.000000,0,0,0,0,0,0,0,0,
-510.000000,120.000000,0,0,0,0,0,0,0,0,
-470.000000,120.000000,0,0,0,0,0,0,0,0,
-430.000000,120.000000,0,0,0,0,0,0,0,0,
-390.000000,120.000000,0,0,0,0,0,0,0,0,
-350.000000,120.000000,0,1,1,1,0,0,0,0,
-310.000000,120.000000,1,1,1,1,1,1,1,1,
-270.000000,120.000000,0,0,0,0,0,1,1,1,
-230.000000,120.000000,0,1,0,1,0,0,0,0,
-190.000000,120.000000,1,0,0,1,1,0,0,0,
-150.000000,120.000000,0,0,0,0,0,1,0,1,
-110.000000,120.000000,0,1,1,1,0,0,0,0,
-70.000000,120.000000,1,1,1,1,1,1,1,1,
-30.000000,120.000000,1,1,1,1,1,1,1,1,
10.000000,120.000000,1,1,1,1,1,1,1,1,
50.000000,120.000000,0,0,0,0,0,1,1,1,
90.000000,120.000000,0,0,0,0,0,0,0,0,
130.000000,120.000000,0,0,0,0,0,0,0,0,
170.000000,120.000000,0,1,1,1,0,0,0,0,
210.000000,120.000000,1,1,1,1,1,1,1,1,
250.000000,120.000000,0,0,0,0,0,1,1,1,
290.000000,120.000000,0,0,0,0,0,0,0,0,
330.000000,120.000000,0,0,0,0,0,0,0,0,
370.000000,120.000000,0,0,0,0,0,0,0,0,
410.000000,120.000000,0,0,0,0,0,0,0,0,
450.000000,120.000000,0,0,0,0,0,0,0,0,
490.000000,120.000000,0,0,0,0,0,0,0,0,
530.000000,120.000000,0,0,0,0,0,0,0,0,
570.000000,120.000000,0,0,0,0,0,0,0,0,
610.000000,120.000000,0,0,1,1,0,0,0,0,
650.000000,120.000000,1,1,1,1,1,1,1,1,
690.000000,120.000000,1,1,1,1,1,1,1,1,
730.000000,120.000000,1,1,1,1,1,1,1,1,
770.000000,120.000000,1,1,1,1,1,1,1,1,
810.000000,120.000000,1,1,1,1,1,1,1,1,
850.000000,120.000000,1,1,1,1,1,1,1,1,
-830.000000,160.000000,0,0,0,0,0,1,1,1,
-790.000000,160.000000,0,0,0,0,0,0,0,0,
-750.000000,160.000000,0,0,0,0,0,0,0,0,
-710.000000,160.000000,0,1,0,0,0,0,0,0,
-670.000000,160.000000,1,1,0,0,0,0,0,1,
-630.000000,160.000000,1,1,0,0,0,0,0,1,
-590.000000,160.000000,1,1,0,0,0,0,0,1,
-550.000000,160.000000,1,1,0,0,0,0,0,1,
-510.000000,160.000000,1,1,0,0,0,0,0,1,
-470.000000,160.000000,1,1,0,0,0,0,0,1,
-430.000000,160.000000,1,1,0,0,0,0,0,1,
-390.000000,160.000000,1,1,0,0,0,0,0,1,
-350.000000,160.000000,1,1,1,1,0,0,0,1,
-310.000000,160.000000,1,1,1,1,1,1,1,1,
-270.000000,160.000000,0,0,0,0,0,1,1,1,
-230.000000,160.000000,0,0,1,0,0,0,0,0,
-190.000000,160.000000,1,1,1,1,1,1,1,1,
-150.000000,160.000000,0,0,0,0,0,0,1,1,
-110.000000,160.000000,0,1,1,1,0,0,0,0,
-70.000000,160.000000,1,1,1,1,1,1,1,1,
-30.000000,160.000000,1,1,1,1,1,1,1,1,
10.000000,160.000000,1,1,1,1,1,1,1,1,
50.000000,160.000000,0,0,0,0,0,1,1,1,
90.000000,160.000000,0,0,0,0,0,0,0,0,
130.000000,160.000000,0,0,0,0,0,0,0,0,
170.000000,160.000000,0,1,1,1,0,0,0,0,
210.000000,160.000000,1,1,1,1,1,1,1,1,
250.000000,160.000000,0,0,0,0,0,1,1,1,
290.000000,160.000000,0,0,0,0,0,0,0,0,
330.000000,160.000000,0,0,0,0,0,0,0,0,
370.000000,160.000000,0,0,0,0,0,0,0,0,
410.000000,160.000000,0,0,0,0,0,0,0,0,
450.000000,160.000000,0,0,0,0,0,0,0,0,
490.000000,160.000000,0,0,0,0,0,0,0,0,
530.000000,160.000000,0,0,0,0,0,0,0,0,
570.000000,160.000000,0,0,0,0,0,0,0,0,
610.000000,160.000000,0,0,0,1,0,0,0,0,
650.000000,160.000000,0,0,0,1,1,0,0,0,
690.000000,160.000000,0,0,0,1,1,1,0,0,
730.000000,160.000000,0,0,0,1,1,1,0,0,
770.000000,160.000000,0,1,1,1,1,1,0,0,
810.000000,160.000000,1,1,1,1,1,1,1,1,
850.000000,160.000000,1,1,1,1,1,1,1,1,
-830.000000,200.000000,0,1,0,0,0,1,1,1,
-790.000000,200.000000,1,0,0,0,0,0,0,0,
-750.000000,200.000000,0,0,0,0,0,0,0,1,
-710.000000,200.000000,0,1,1,1,0,0,0,0,
-670.000000,200.000000,1,1,1,1,1,1,1,1,
-630.000000,200.000000,1,1,1,1,1,1,1,1,
-590.000000,200.000000,1,1,1,1,1,1,1,1,
-550.000000,200.000000,1,1,1,1,1,1,1,1,
-510.000000,200.000000,1,1,1,1,1,1,1,1,
-470.000000,200.000000,1,1,1,1,1,1,1,1,
-430.000000,200.000000,1,1,1,1,1,1,1,1,
-390.000000,200.000000,1,1,1,1,1,1,1,1,
-350.000000,200.000000,1,1,1,1,1,1,1,1,
-310.000000,200.000000,1,1,1,1,1,1,1,1,
-270.000000,200.000000,0,0,0,0,0,1,1,1,
-230.000000,200.000000,0,0,0,1,0,0,0,0,
-190.000000,200.000000,0,0,0,1,1,0,0,0,
-150.000000,200.000000,0,0,0,0,0,1,0,0,
-110.000000,200.000000,0,1,1,1,0,0,0,0,
-70.000000,200.000000,1,1,1,1,1,1,1,1,
-30.000000,200.000000,1,1,1,1,1,1,1,1,
10.000000,200.000000,1,1,1,1,1,1,1,1,
50.000000,200.000000,0,0,0,0,0,1,1,1,
90.000000,200.000000,0,0,0,0,0,0,0,0,
130.000000,200.000000,0,0,0,0,0,0,0,0,
170.000000,200.000000,0,1,1,1,0,0,0,0,
210.000000,200.000000,1,1,1,1,1,1,1,1,
250.000000,200.000000,0,0,0,0,0,1,1,1,
290.000000,200.000000,0,0,0,0,0,0,0,0,
330.000000,200.000000,0,1,0,0,0,0,0,0,
370.000000,200.000000,1,1,0,0,0,0,0,0,
410.000000,200.000000,1,1,0,0,0,0,0,1,
450.000000,200.000000,1,1,0,0,0,0,0,1,
490.000000,200.000000,1,0,0,0,0,0,0,1,
530.000000,200.000000,0,0,0,0,0,0,0,0,
570.000000,200.000000,0,0,0,0,0,0,0,0,
610.000000,200.000000,0,0,0,0,0,0,0,0,
650.000000,200.000000,0,1,0,0,0,0,0,0,
690.000000,200.000000,1,1,0,0,0,0,0,0,
730.000000,200.000000,1,1,0,0,0,0,0,1,
770.000000,200.000000,1,1,0,1,0,0,0,1,
810.000000,200.000000,1,1,1,1,1,1,0,1,
850.000000,200.000000,1,1,1,1,1,1,1,1,
-830.000000,240.000000,0,1,1,0,0,1,1,1,
-790.000000,240.000000,1,1,1,1,1,1,1,1,
-750.000000,240.000000,0,0,0,0,0,0,1,1,
-710.000000,240.000000,0,0,0,1,0,0,0,0,
-670.000000,240.000000,0,0,0,1,1,1,0,0,
-630.000000,240.000000,0,0,0,1,1,1,0,0,
-590.000000,240.000000,0,0,0,1,1,1,0,0,
-550.000000,240.000000,0,0,0,1,1,1,0,0,
-510.000000,240.000000,0,0,0,1,1,1,0,0,
-470.000000,240.000000,0,0,0,1,1,1,0,0,
-430.000000,240.000000,0,0,0,1,1,1,0,0,
-390.000000,240.000000,0,0,0,1,1,1,0,0,
-350.000000,240.000000,0,0,0,1,1,1,0,0,
-310.000000,240.000000,0,0,0,1,1,1,0,0,
-270.000000,240.000000,0,0,0,0,0,1,0,0,
-230.000000,240.000000,0,0,0,0,0,0,0,0,
-190.000000,240.000000,0,0,0,0,0,0,0,0,
-150.000000,240.000000,0,0,0,0,0,0,0,0,
-110.000000,240.000000,0,1,1,1,0,0,0,0,
-70.000000,240.000000,1,1,1,1,1,1,1,1,
-30.000000,240.000000,1,1,1,1,1,1,1,1,
10.000000,240.000000,1,1,1,1,1,1,1,1,
50.000000,240.000000,0,0,0,0,0,1,1,1,
90.000000,240.000000,0,0,0,0,0,0,0,0,
130.000000,240.000000,0,0,0,0,0,0,0,0,
170.000000,240.000000,0,1,1,1,0,0,0,0,
210.000000,240.000000,1,1,1,1,1,1,1,1,
250.000000,240.000000,0,0,0,0,0,1,1,1,
290.000000,240.000000,0,0,0,0,0,0,0,0,
330.000000,240.000000,0,1,1,0,0,0,0,0,
370.000000,240.000000,0,1,0,1,1,1,1,1,
410.000000,240.000000,1,1,0,1,1,1,0,1,
450.000000,240.000000,1,1,0,1,1,1,0,1,
490.000000,240.000000,1,1,0,0,1,1,0,1,
530.000000,240.000000,1,1,0,0,0,0,0,1,
570.000000,240.000000,1,1,0,0,0,0,0,1,
610.000000,240.000000,1,1,0,0,0,0,0,1,
650.000000,240.000000,1,1,0,0,0,0,0,1,
690.000000,240.000000,1,1,0,1,1,1,0,1,
730.000000,240.000000,1,1,0,1,1,1,0,1,
770.000000,240.000000,0,1,0,1,1,1,0,1,
810.000000,240.000000,1,1,1,1,1,1,0,1,
850.000000,240.000000,1,1,1,1,1,1,1,1,
-830.000000,280.000000,0,1,1,1,0,1,1,1,
-790.000000,280.000000,1,1,1,1,1,1,1,1,
-750.000000,280.000000,0,0,0,0,0,1,1,1,
-710.000000,280.000000,0,0,0,0,0,0,0,0,
-670.000000,280.000000,0,0,0,0,0,0,0,0,
-630.000000,280.000000,0,0,0,0,0,0,0,0,
-590.000000,280.000000,0,0,0,0,0,0,0,0,
-550.000000,280.000000,0,0,0,0,0,0,0,0,
-510.000000,280.000000,0,0,0,0,0,0,0,0,
-470.000000,280.000000,0,0,0,0,0,0,0,0,
-430.000000,280.000000,0,0,0,0,0,0,0,0,
-390.000000,280.000000,0,0,0,0,0,0,0,0,
-350.000000,280.000000,0,0,0,0,0,0,0,0,
-310.000000,280.000000,0,1,0,0,0,0,0,0,
-270.000000,280.000000,1,1,0,0,0,0,0,1,
-230.000000,280.000000,1,1,0,0,0,0,0,1,
-190.000000,280.000000,1,1,0,0,0,0,0,1,
-150.000000,280.000000,1,1,0,0,0,0,0,1,
-110.000000,280.000000,1,1,1,1,0,0,0,1,
-70.000000,280.000000,1,1,1,1,1,1,1,1,
-30.000000,280.000000,1,1,1,1,1,1,1,1,
10.000000,280.000000,1,1,1,1,1,1,1,1,
50.000000,280.000000,0,0,0,0,0,1,1,1,
90.000000,280.000000,0,0,0,0,0,0,0,0,
130.000000,280.000000,0,0,0,0,0,0,0,0,
170.000000,280.000000,0,1,1,1,0,0,0,0,
210.000000,280.000000,1,1,1,1,1,1,1,1,
250.000000,280.000000,0,0,0,0,0,1,1,1,
290.000000,280.000000,0,0,0,0,0,0,0,0,
330.000000,280.000000,0,1,1,1,0,0,0,0,
370.000000,280.000000,0,1,1,1,0,1,1,1,
410.000000,280.000000,1,1,1,1,1,1,1,1,
450.000000,280.000000,1,1,1,1,1,1,1,1,
490.000000,280.000000,1,1,1,1,1,1,1,1,
530.000000,280.000000,1,1,1,1,1,1,1,1,
570.000000,280.000000,1,1,1,1,1,1,1,1,
610.000000,280.000000,1,1,1,1,1,1,1,1,
650.000000,280.000000,1,1,1,1,1,1,1,1,
690.000000,280.000000,1,1,1,1,1,1,1,1,
730.000000,280.000000,1,1,1,1,1,1,1,1,
770.000000,280.000000,0,1,1,1,0,1,1,1,
810.000000,280.000000,1,1,1,1,1,1,1,1,
850.000000,280.000000,1,1,1,1,1,1,1,1,
-830.000000,320.000000,0,1,1,1,0,1,1,1,
-790.000000,320.000000,1,1,1,1,1,1,1,1,
-750.000000,320.000000,0,0,0,0,0,1,1,1,
-710.000000,320.000000,0,0,0,0,0,0,0,0,
-670.000000,320.000000,0,0,0,0,0,0,0,0,
-630.000000,320.000000,0,0,0,0,0,0,0,0,
-590.000000,320.000000,0,0,0,0,0,0,0,0,
-550.000000,320.000000,0,0,0,0,0,0,0,0,
-510.000000,320.000000,0,0,0,0,0,0,0,0,
-470.000000,320.000000,0,0,0,0,0,0,0,0,
-430.000000,320.000000,0,0,0,0,0,0,0,0,
-390.000000,320.000000,0,0,0,0,0,0,0,0,
-350.000000,320.000000,0,0,0,0,0,0,0,0,
-310.000000,320.000000,0,0,1,1,0,0,0,0,
-270.000000,320.000000,1,1,1,1,1,1,1,1,
-230.000000,320.000000,1,1,1,1,1,1,1,1,
-190.000000,320.000000,1,1,1,1,1,1,1,1,
-150.000000,320.000000,1,1,1,1,1,1,1,1,
-110.000000,320.000000,1,1,1,1,1,1,1,1,
-70.000000,320.000000,1,1,1,1,1,1,1,1,
-30.000000,320.000000,1,1,1,1,1,1,1,1,
10.000000,320.000000,1,1,1,1,1,1,1,1,
50.000000,320.000000,0,0,0,0,0,1,1,0,
90.000000,320.000000,0,0,0,0,0,0,0,0,
130.000000,320.000000,0,0,0,0,0,0,0,0,
170.000000,320.000000,0,0,1,1,0,0,0,0,
210.000000,320.000000,1,1,1,1,1,1,1,1,
250.000000,320.000000,0,0,0,0,0,1,1,0,
290.000000,320.000000,0,0,0,0,0,0,0,0,
330.000000,320.000000,0,1,1,1,0,0,0,0,
370.000000,320.000000,0,1,1,1,0,1,1,1,
410.000000,320.000000,1,1,1,1,1,1,1,1,
450.000000,320.000000,1,1,1,1,1,1,1,1,
490.000000,320.000000,1,1,1,1,1,1,1,1,
530.000000,320.000000,1,1,1,1,1,1,1,1,
570.000000,320.000000,1,1,1,1,1,1,1,1,
610.000000,320.000000,1,1,1,1,1,1,1,1,
650.000000,320.000000,1,1,1,1,1,1,1,1,
690.000000,320.000000,1,1,1,1,1,1,1,1,
730.000000,320.000000,1,1,1,1,1,1,1,1,
770.000000,320.000000,0,1,1,1,0,1,1,1,
810.000000,320.000000,1,1,1,1,1,1,1,1,
850.000000,320.000000,1,1,1,1,1,1,1,1,
-830.000000,360.000000,0,1,1,1,0,1,1,1,
-790.000000,360.000000,1,1,1,1,1,1,1,1,
-750.000000,360.000000,0,0,0,0,0,1,1,1,
-710.000000,360.000000,0,0,0,0,0,0,0,0,
-670.000000,360.000000,0,0,0,0,0,0,0,0,
-630.000000,360.000000,0,0,0,0,0,0,0,0,
-590.000000,360.000000,0,0,0,0,0,0,0,0,
-550.000000,360.000000,0,0,0,0,0,0,0,0,
-510.000000,360.000000,0,0,0,0,0,0,0,0,
-470.000000,360.000000,0,0,0,0,0,0,0,0,
-430.000000,360.000000,0,0,0,0,0,0,0,0,
-390.000000,360.000000,0,0,0,0,0,0,0,0,
-350.000000,360.000000,0,0,0,0,0,0,0,0,
-310.000000,360.000000,0,0,0,1,0,0,0,0,
-270.000000,360.000000,0,1,0,1,1,0,0,0,
-230.000000,360.000000,1,0,0,1,1,1,0,1,
-190.000000,360.000000,0,0,0,1,1,1,0,1,
-150.000000,360.000000,0,0,0,1,1,1,0,0,
-110.000000,360.000000,0,0,0,1,1,1,0,0,
-70.000000,360.000000,0,0,0,1,1,1,0,0,
-30.000000,360.000000,0,1,0,1,1,1,0,0,
10.000000,360.000000,1,0,0,0,1,1,0,0,
50.000000,360.000000,0,0,0,0,0,1,0,1,
90.000000,360.000000,0,0,0,0,0,0,0,0,
130.000000,360.000000,0,0,0,0,0,0,0,0,
170.000000,360.000000,0,0,0,1,0,0,0,0,
210.000000,360.000000,0,0,0,0,1,0,0,0,
250.000000,360.000000,0,0,0,0,0,1,0,0,
290.000000,360.000000,0,0,0,0,0,0,0,0,
330.000000,360.000000,0,1,1,1,0,0,0,0,
370.000000,360.000000,0,1,1,1,0,1,1,1,
410.000000,360.000000,1,1,1,1,1,1,1,1,
450.000000,360.000000,1,1,1,1,1,1,1,1,
490.000000,360.000000,1,1,1,1,1,1,1,1,
530.000000,360.000000,1,1,1,1,1,1,1,1,
570.000000,360.000000,1,1,1,1,1,1,1,1,
610.000000,360.000000,1,1,1,1,1,1,1,1,
650.000000,360.000000,1,1,1,1,1,1,1,1,
690.000000,360.000000,1,1,1,1,1,1,1,1,
730.000000,360.000000,1,1,1,1,1,1,1,1,
770.000000,360.000000,0,1,1,1,0,1,1,1,
810.000000,360.000000,1,1,1,1,1,1,1,1,
850.000000,360.000000,1,1,1,1,1,1,1,1,
-830.000000,400.000000,0,1,1,1,0,1,1,1,
-790.000000,400.000000,1,1,1,1,1,1,1,1,
-750.000000,400.000000,0,0,0,0,0,1,1,1,
-710.000000,400.000000,0,0,0,0,0,0,0,0,
-670.000000,400.000000,0,0,0,0,0,0,0,0,
-630.000000,400.000000,0,0,0,0,0,0,0,0,
-590.000000,400.000000,0,0,0,0,0,0,0,0,
-550.000000,400.000000,0,0,0,0,0,0,0,0,
-510.000000,400.000000,0,0,0,0,0,0,0,0,
-470.000000,400.000000,0,0,0,0,0,0,0,0,
-430.000000,400.000000,0,0,0,0,0,0,0,0,
-390.000000,400.000000,0,0,0,0,0,0,0,0,
-350.000000,400.000000,0,0,0,0,0,0,0,0,
-310.000000,400.000000,0,0,0,0,0,0,0,0,
-270.000000,400.000000,0,1,1,1,0,0,0,0,
-230.000000,400.000000,1,1,1,1,1,1,1,1,
-190.000000,400.000000,0,0,0,0,0,0,1,0,
-150.000000,400.000000,0,0,0,0,0,0,0,0,
-110.000000,400.000000,0,0,0,0,0,0,0,0,
-70.000000,400.000000,0,0,0,0,0,0,0,0,
-30.000000,400.000000,0,0,1,0,0,0,0,0,
10.000000,400.000000,1,1,1,1,1,1,1,1,
50.000000,400.000000,0,0,0,0,0,0,1,0,
90.000000,400.000000,0,0,0,0,0,0,0,0,
130.000000,400.000000,0,0,0,0,0,0,0,0,
170.000000,400.000000,0,0,0,0,0,0,0,0,
210.000000,400.000000,0,0,0,0,0,0,0,0,
250.000000,400.000000,0,0,0,0,0,0,0,0,
290.000000,400.000000,0,0,0,0,0,0,0,0,
330.000000,400.000000,0,1,1,1,0,0,0,0,
370.000000,400.000000,0,1,1,1,0,1,1,1,
410.000000,400.000000,1,1,1,1,1,1,1,1,
450.000000,400.000000,1,1,1,1,1,1,1,1,
490.000000,400.000000,1,1,1,1,1,1,1,1,
530.000000,400.000000,1,1,1,1,1,1,1,1,
570.000000,400.000000,1,1,1,1,1,1,1,1,
610.000000,400.000000,1,1,1,1,1,1,1,1,
650.000000,400.000000,1,1,1,1,1,1,1,1,
690.000000,400.000000,1,1,1,1,1,1,1,1,
730.000000,400.000000,1,1,1,1,1,1,1,1,
770.000000,400.000000,0,1,1,1,0,1,1,1,
810.000000,400.000000,1,1,1,1,1,1,1,1,
850.000000,400.000000,1,1,1,1,1,1,1,1,
-830.000000,440.000000,0,1,0,1,0,1,1,1,
-790.000000,440.000000,1,0,0,1,1,1,0,1,
-750.000000,440.000000,0,1,0,0,0,1,0,1,
-710.000000,440.000000,1,0,0,0,0,0,0,0,
-670.000000,440.000000,0,1,0,0,0,0,0,1,
-630.000000,440.000000,1,1,0,0,0,0,0,0,
-590.000000,440.000000,0,0,0,0,0,0,0,1,
-550.000000,440.000000,0,1,0,0,0,0,0,0,
-510.000000,440.000000,1,0,0,0,0,0,0,1,
-470.000000,440.000000,0,1,0,0,0,0,0,1,
-430.000000,440.000000,1,1,0,0,0,0,0,0,
-390.000000,440.000000,0,0,0,0,0,0,0,1,
-350.000000,440.000000,0,1,0,0,0,0,0,0,
-310.000000,440.000000,1,0,0,0,0,0,0,1,
-270.000000,440.000000,0,1,0,1,0,0,0,1,
-230.000000,440.000000,1,1,0,0,1,1,0,0,
-190.000000,440.000000,0,0,0,0,0,1,0,1,
-150.000000,440.000000,0,1,0,0,0,0,0,0,
-110.000000,440.000000,1,0,0,0,0,0,0,1,
-70.000000,440.000000,0,1,0,0,0,0,0,1,
-30.000000,440.000000,1,1,0,1,0,0,0,0,
10.000000,440.000000,0,0,0,0,1,0,0,1,
50.000000,440.000000,0,1,0,0,0,1,0,0,
90.000000,440.000000,1,0,0,0,0,0,0,1,
130.000000,440.000000,0,1,0,0,0,0,0,1,
170.000000,440.000000,1,1,0,0,0,0,0,0,
210.000000,440.000000,0,0,0,0,0,0,0,1,
250.000000,440.000000,0,1,0,0,0,0,0,0,
290.000000,440.000000,1,0,0,0,0,0,0,1,
330.000000,440.000000,0,1,1,1,0,0,0,1,
370.000000,440.000000,1,1,1,1,0,1,1,1,
410.000000,440.000000,1,1,1,1,1,1,1,1,
450.000000,440.000000,1,1,1,1,1,1,1,1,
490.000000,440.000000,1,1,1,1,1,1,1,1,
530.000000,440.000000,1,1,1,1,1,1,1,1,
570.000000,440.000000,1,1,1,1,1,1,1,1,
610.000000,440.000000,1,1,1,1,1,1,1,1,
650.000000,440.000000,1,1,1,1,1,1,1,1,
690.000000,440.000000,1,1,1,1,1,1,1,1,
730.000000,440.000000,1,1,1,1,1,1,1,1,
770.000000,440.000000,0,1,1,1,0,1,1,0,
810.000000,440.000000,1,1,1,1,1,1,1,1,
850.000000,440.000000,1,1,1,1,1,1,1,1,
-830.000000,480.000000,1,1,1,1,0,1,1,1,
-790.000000,480.000000,1,1,1,1,1,1,1,1,
-750.000000,480.000000,1,1,1,0,0,0,1,1,
-710.000000,480.000000,1,1,1,1,1,1,1,1,
-670.000000,480.000000,1,1,1,0,0,0,1,1,
-630.000000,480.000000,1,1,1,1,1,1,1,1,
-590.000000,480.000000,1,1,0,0,0,1,1,1,
-550.000000,480.000000,1,1,1,1,0,0,0,1,
-510.000000,480.000000,1,1,1,1,1,1,1,1,
-470.000000,480.000000,1,1,1,0,0,0,1,1,
-430.000000,480.000000,1,1,1,1,1,1,1,1,
-390.000000,480.000000,1,1,0,0,0,1,1,1,
-350.000000,480.000000,1,1,1,1,0,0,0,1,
-310.000000,480.000000,1,1,1,1,1,1,1,1,
-270.000000,480.000000,1,1,1,0,0,0,1,1,
-230.000000,480.000000,1,1,1,1,1,1,1,1,
-190.000000,480.000000,1,1,0,0,0,1,1,1,
-150.000000,480.000000,1,1,1,1,0,0,0,1,
-110.000000,480.000000,1,1,1,1,1,1,1,1,
-70.000000,480.000000,1,1,1,0,0,0,1,1,
-30.000000,480.000000,1,1,1,1,1,1,1,1,
10.000000,480.000000,1,1,0,0,0,1,1,1,
50.000000,480.000000,1,1,1,1,0,0,0,1,
90.000000,480.000000,1,1,1,1,1,1,1,1,
130.000000,480.000000,1,1,1,0,0,0,1,1,
170.000000,480.000000,1,1,1,1,1,1,1,1,
210.000000,480.000000,1,1,0,0,0,1,1,1,
250.000000,480.000000,1,1,1,1,0,0,0,1,
290.000000,480.000000,1,1,1,1,1,1,1,1,
330.000000,480.000000,1,1,1,1,0,0,1,1,
370.000000,480.000000,1,1,1,1,1,1,1,1,
410.000000,480.000000,1,1,0,1,1,1,1,1,
450.000000,480.000000,1,1,1,1,1,1,0,1,
490.000000,480.000000,1,1,1,1,1,1,1,1,
530.000000,480.000000,1,1,1,1,1,1,1,1,
570.000000,480.000000,1,1,1,1,1,1,1,1,
610.000000,480.000000,1,1,0,1,1,1,1,1,
650.000000,480.000000,1,1,1,1,1,1,0,1,
690.000000,480.000000,1,1,1,1,1,1,1,1,
730.000000,480.000000,1,1,0,0,1,1,1,1,
770.000000,480.000000,1,1,1,1,0,1,0,1,
810.000000,480.000000,1,1,1,1,1,1,1,1,
850.000000,480.000000,1,1,1,1,1,1,1,1,
-830.000000,520.000000,1,1,1,1,1,1,1,1,
-790.000000,520.000000,1,1,1,1,1,1,1,1,
-750.000000,520.000000,1,1,1,1,1,1,1,1,
-710.000000,520.000000,1,1,1,1,1,1,1,1,
-670.000000,520.000000,1,1,1,1,1,1,1,1,
-630.000000,520.000000,1,1,1,1,1,1,1,1,
-590.000000,520.000000,1,1,1,1,1,1,1,1,
-550.000000,520.000000,1,1,1,1,1,1,1,1,
-510.000000,520.000000,1,1,1,1,1,1,1,1,
-470.000000,520.000000,1,1,1,1,1,1,1,1,
-430.000000,520.000000,1,1,1,1,1,1,1,1,
-390.000000,520.000000,1,1,1,1,1,1,1,1,
-350.000000,520.000000,1,1,1,1,1,1,1,1,
-310.000000,520.000000,1,1,1,1,1,1,1,1,
-270.000000,520.000000,1,1,1,1,1,1,1,1,
-230.000000,520.000000,1,1,1,1,1,1,1,1,
-190.000000,520.000000,1,1,1,1,1,1,1,1,
-150.000000,520.000000,1,1,1,1,1,1,1,1,
-110.000000,520.000000,1,1,1,1,1,1,1,1,
-70.000000,520.000000,1,1,1,1,1,1,1,1,
-30.000000,520.000000,1,1,1,1,1,1,1,1,
10.000000,520.000000,1,1,1,1,1,1,1,1,
50.000000,520.000000,1,1,1,1,1,1,1,1,
90.000000,520.000000,1,1,1,1,1,1,1,1,
130.000000,520.000000,1,1,1,1,1,1,1,1,
170.000000,520.000000,1,1,1,1,1,1,1,1,
210.000000,520.000000,1,1,1,1,1,1,1,1,
250.000000,520.000000,1,1,1,1,1,1,1,1,
290.000000,520.000000,1,1,1,1,1,1,1,1,
330.000000,520.000000,1,1,1,1,1,1,1,1,
370.000000,520.000000,1,1,1,1,1,1,1,1,
410.000000,520.000000,1,1,1,1,1,1,1,1,
450.000000,520.000000,1,1,1,1,1,1,1,1,
490.000000,520.000000,1,1,1,1,1,1,1,1,
530.000000,520.000000,1,1,1,1,1,1,1,1,
570.000000,520.000000,1,1,1,1,1,1,1,1,
610.000000,520.000000,1,1,1,1,1,1,1,1,
650.000000,520.000000,1,1,1,1,1,1,1,1,
690.000000,520.000000,1,1,1,1,1,1,1,1,
730.000000,520.000000,1,1,1,1,1,1,1,1,
770.000000,520.000000,1,1,1,1,1,1,1,1,
810.000000,520.000000,1,1,1,1,1,1,1,1,
850.000000,520.000000,1,1,1,1,1,1,1,1,
